Country,Year,Life expectancy,Death rate
Albania,1960,62.25436585,11.328
Albania,1961,63.27346341,10.72
Albania,1962,64.16285366,10.176
Albania,1963,64.88709756,9.708
Albania,1964,65.43819512,9.321
Albania,1965,65.82739024,9.01
Albania,1966,66.08931707,8.762
Albania,1967,66.28721951,8.555
Albania,1968,66.47495122,8.366
Albania,1969,66.68160976,8.184
Albania,1970,66.93258537,7.996
Albania,1971,67.23887805,7.797
Albania,1972,67.58595122,7.59
Albania,1973,67.95795122,7.381
Albania,1974,68.34834146,7.172
Albania,1975,68.74121951,6.969
Albania,1976,69.1155122,6.782
Albania,1977,69.45617073,6.619
Albania,1978,69.7542439,6.483
Albania,1979,70.00965854,6.376
Albania,1980,70.23597561,6.289
Albania,1981,70.45446341,6.213
Albania,1982,70.68512195,6.138
Albania,1983,70.93739024,6.06
Albania,1984,71.20653659,5.98
Albania,1985,71.47121951,5.907
Albania,1986,71.69756098,5.856
Albania,1987,71.86195122,5.838
Albania,1988,71.95329268,5.857
Albania,1989,71.97858537,5.911
Albania,1990,71.95878049,5.989
Albania,1991,71.92626829,6.078
Albania,1992,71.91797561,6.16
Albania,1993,71.96480488,6.223
Albania,1994,72.08073171,6.258
Albania,1995,72.27626829,6.258
Albania,1996,72.5514878,6.222
Albania,1997,72.88395122,6.157
Albania,1998,73.25063415,6.077
Albania,1999,73.63553659,5.993
Albania,2000,74.01402439,5.925
Albania,2001,74.36292683,5.892
Albania,2002,74.67065854,5.907
Albania,2003,74.93470732,5.973
Albania,2004,75.15709756,6.086
Albania,2005,75.35702439,6.231
Albania,2006,75.5612439,6.386
Albania,2007,75.79492683,6.527
Albania,2008,76.07265854,6.64
Albania,2009,76.39487805,6.72
Albania,2010,76.74790244,6.776
Albania,2011,77.10846341,6.822
Albania,2012,77.44826829,6.879
Albania,2013,77.74709756,6.963
Albania,2014,77.99839024,7.076
Albania,2015,78.20314634,7.217
Andorra,1960,68.58560976,
Andorra,1961,69.57731707,
Andorra,1962,69.3095122,
Andorra,1963,69.44365854,
Andorra,1964,69.92195122,
Andorra,1965,69.72219512,
Andorra,1966,70.04585366,
Andorra,1967,69.91780488,
Andorra,1968,70.05756098,
Andorra,1969,69.83317073,
Andorra,1970,69.91463415,
Andorra,1971,70.11463415,
Andorra,1972,70.46341463,
Andorra,1973,71.01463415,
Andorra,1974,71.01219512,
Andorra,1975,71.11463415,
Andorra,1976,71.56585366,
Andorra,1977,71.91463415,
Andorra,1978,72.01219512,
Andorra,1979,72.31219512,
Andorra,1980,72.46341463,
Andorra,1981,72.81219512,
Andorra,1982,72.96097561,
Andorra,1983,73.01219512,
Andorra,1984,73.61219512,
Andorra,1985,73.81463415,
Andorra,1986,74.31707317,
Andorra,1987,74.76829268,
Andorra,1988,75.21707317,
Andorra,1989,75.26585366,
Andorra,1990,75.56829268,
Andorra,1991,75.61707317,
Andorra,1992,75.81707317,
Andorra,1993,76.06829268,
Andorra,1994,76.4195122,
Andorra,1995,76.66829268,
Andorra,1996,76.87073171,
Andorra,1997,77.3195122,
Andorra,1998,77.67073171,
Andorra,1999,77.87560976,
Andorra,2000,78.12682927,
Andorra,2001,78.57560976,
Andorra,2002,78.67804878,
Andorra,2003,78.63170732,
Andorra,2004,79.1804878,3.8
Andorra,2005,79.33170732,3.6
Andorra,2006,79.8804878,3.3
Andorra,2007,80.1804878,2.8
Andorra,2008,80.43170732,2.8
Andorra,2009,80.33170732,3.2
Andorra,2010,80.5804878,2.8
Andorra,2011,80.98292683,
Andorra,2012,80.93658537,3.9
Andorra,2013,81.13658537,
Andorra,2014,81.4902439,
Andorra,2015,81.84390244,
Austria,1960,68.58560976,12.7
Austria,1961,69.57731707,12.1
Austria,1962,69.3095122,12.7
Austria,1963,69.44365854,12.8
Austria,1964,69.92195122,12.3
Austria,1965,69.72219512,13
Austria,1966,70.04585366,12.5
Austria,1967,69.91780488,12.9
Austria,1968,70.05756098,12.9
Austria,1969,69.83317073,13.3
Austria,1970,69.91463415,13.2
Austria,1971,70.11463415,13
Austria,1972,70.46341463,12.6
Austria,1973,71.01463415,12.2
Austria,1974,71.01219512,12.4
Austria,1975,71.11463415,12.7
Austria,1976,71.56585366,12.6
Austria,1977,71.91463415,12.2
Austria,1978,72.01219512,12.5
Austria,1979,72.31219512,12.2
Austria,1980,72.46341463,12.2
Austria,1981,72.81219512,12.2
Austria,1982,72.96097561,12.1
Austria,1983,73.01219512,12.3
Austria,1984,73.61219512,11.7
Austria,1985,73.81463415,11.8
Austria,1986,74.31707317,11.5
Austria,1987,74.76829268,11.2
Austria,1988,75.21707317,11
Austria,1989,75.26585366,10.9
Austria,1990,75.56829268,10.8
Austria,1991,75.61707317,10.8
Austria,1992,75.81707317,10.6
Austria,1993,76.06829268,10.4
Austria,1994,76.4195122,10.2
Austria,1995,76.66829268,10.2
Austria,1996,76.87073171,10.2
Austria,1997,77.3195122,10
Austria,1998,77.67073171,9.8
Austria,1999,77.87560976,9.8
Austria,2000,78.12682927,9.6
Austria,2001,78.57560976,9.3
Austria,2002,78.67804878,9.4
Austria,2003,78.63170732,9.5
Austria,2004,79.1804878,9.1
Austria,2005,79.33170732,9.1
Austria,2006,79.8804878,9
Austria,2007,80.1804878,9
Austria,2008,80.43170732,9
Austria,2009,80.33170732,9.3
Austria,2010,80.5804878,9.2
Austria,2011,80.98292683,9.1
Austria,2012,80.93658537,9.4
Austria,2013,81.13658537,9.4
Austria,2014,81.4902439,9.2
Austria,2015,81.84390244,9.6
Belgium,1960,69.70195122,12.4
Belgium,1961,70.52097561,11.6
Belgium,1962,70.2195122,12.2
Belgium,1963,70.05146341,12.6
Belgium,1964,70.75512195,11.7
Belgium,1965,70.62536585,12.2
Belgium,1966,70.70634146,12.1
Belgium,1967,71.01292683,12
Belgium,1968,70.69317073,12.7
Belgium,1969,70.76487805,12.5
Belgium,1970,70.97195122,12.3
Belgium,1971,71.0604878,12.4
Belgium,1972,71.40512195,12.1
Belgium,1973,71.63536585,12.1
Belgium,1974,71.98585366,11.9
Belgium,1975,71.97121951,12.2
Belgium,1976,72.1197561,12.1
Belgium,1977,72.77390244,11.5
Belgium,1978,72.69804878,11.7
Belgium,1979,73.19365854,11.4
Belgium,1980,73.20707317,11.5
Belgium,1981,73.62170732,11.4
Belgium,1982,73.88804878,11.4
Belgium,1983,73.86902439,11.6
Belgium,1984,74.40487805,11.2
Belgium,1985,74.5202439,11.3
Belgium,1986,74.73170732,11.3
Belgium,1987,75.36585366,10.7
Belgium,1988,75.56585366,10.6
Belgium,1989,75.63268293,10.8
Belgium,1990,76.05195122,10.4
Belgium,1991,76.19219512,10.4
Belgium,1992,76.35121951,10.4
Belgium,1993,76.34536585,10.6
Belgium,1994,76.69170732,10.3
Belgium,1995,76.84073171,10.3
Belgium,1996,77.18731707,10.3
Belgium,1997,77.37073171,10.2
Belgium,1998,77.47317073,10.3
Belgium,1999,77.6195122,10.3
Belgium,2000,77.72195122,10.2
Belgium,2001,77.97317073,10.1
Belgium,2002,78.07560976,10.2
Belgium,2003,78.12926829,10.3
Belgium,2004,78.87804878,9.7
Belgium,2005,78.9804878,9.9
Belgium,2006,79.3804878,9.6
Belgium,2007,79.78292683,9.5
Belgium,2008,79.6804878,9.8
Belgium,2009,79.98292683,9.7
Belgium,2010,80.18292683,9.7
Belgium,2011,80.58536585,9.4
Belgium,2012,80.38536585,9.8
Belgium,2013,80.58780488,9.8
Belgium,2014,81.28780488,9.3
Belgium,2015,81.28780488,9.8
Bulgaria,1960,69.24756098,8.1
Bulgaria,1961,70.19560976,7.9
Bulgaria,1962,69.49195122,8.7
Bulgaria,1963,70.30926829,8.2
Bulgaria,1964,71.12121951,7.9
Bulgaria,1965,71.29390244,8.2
Bulgaria,1966,71.22341463,8.3
Bulgaria,1967,70.41390244,9
Bulgaria,1968,71.22512195,8.6
Bulgaria,1969,70.43,9.5
Bulgaria,1970,71.25634146,9.1
Bulgaria,1971,70.87365854,9.7
Bulgaria,1972,70.8995122,9.8
Bulgaria,1973,71.34219512,9.5
Bulgaria,1974,71.20804878,9.8
Bulgaria,1975,71.0497561,10.3
Bulgaria,1976,71.39487805,10.1
Bulgaria,1977,70.81609756,10.7
Bulgaria,1978,71.18463415,10.5
Bulgaria,1979,71.30829268,10.7
Bulgaria,1980,71.15756098,11.1
Bulgaria,1981,71.57195122,10.7
Bulgaria,1982,71.18609756,11.2
Bulgaria,1983,71.38634146,11.4
Bulgaria,1984,71.4997561,11.3
Bulgaria,1985,71.22804878,12
Bulgaria,1986,71.73073171,11.6
Bulgaria,1987,71.52682927,12
Bulgaria,1988,71.60439024,12
Bulgaria,1989,71.72243902,12
Bulgaria,1990,71.64146341,12.5
Bulgaria,1991,71.56097561,12.8
Bulgaria,1992,71.49439024,12.6
Bulgaria,1993,71.34682927,12.9
Bulgaria,1994,71.20878049,13.2
Bulgaria,1995,71.05341463,13.6
Bulgaria,1996,70.89731707,14
Bulgaria,1997,70.35121951,14.7
Bulgaria,1998,71.06097561,14.3
Bulgaria,1999,71.41219512,13.6
Bulgaria,2000,71.66341463,14.1
Bulgaria,2001,71.76829268,14
Bulgaria,2002,71.86585366,14.4
Bulgaria,2003,72.06585366,14.4
Bulgaria,2004,72.56341463,14.3
Bulgaria,2005,72.56097561,14.8
Bulgaria,2006,72.61219512,14.9
Bulgaria,2007,72.66341463,15
Bulgaria,2008,72.96341463,14.8
Bulgaria,2009,73.41219512,14.5
Bulgaria,2010,73.51219512,14.9
Bulgaria,2011,74.16341463,14.7
Bulgaria,2012,74.31463415,15
Bulgaria,2013,74.86097561,14.4
Bulgaria,2014,74.46585366,15.1
Bulgaria,2015,74.46585366,15.3
Belarus,1960,67.70809756,9.937
Belarus,1961,68.21265854,9.71
Belarus,1962,68.63582927,9.514
Belarus,1963,68.99207317,9.348
Belarus,1964,69.28992683,9.209
Belarus,1965,69.53741463,9.099
Belarus,1966,69.73460976,9.02
Belarus,1967,69.88165854,8.972
Belarus,1968,69.98263415,8.957
Belarus,1969,70.04514634,8.971
Belarus,1970,70.0792439,9.011
Belarus,1971,70.093,9.073
Belarus,1972,70.09241463,9.153
Belarus,1973,70.08243902,9.246
Belarus,1974,70.06807317,9.352
Belarus,1975,70.04826829,9.471
Belarus,1976,70.01590244,8.8
Belarus,1977,69.96741463,8.9
Belarus,1978,69.90631707,9.1
Belarus,1979,69.84163415,9.5
Belarus,1980,69.80202439,9.9
Belarus,1981,69.81917073,9.6
Belarus,1982,69.90821951,9.6
Belarus,1983,70.06465854,9.9
Belarus,1984,70.27192683,10.5
Belarus,1985,70.99268293,10.6
Belarus,1986,71.5495122,9.7
Belarus,1987,70.9902439,9.9
Belarus,1988,71.34146341,10.1
Belarus,1989,71.48292683,10.2
Belarus,1990,70.83658537,10.8
Belarus,1991,70.37804878,11.2
Belarus,1992,70.02195122,11.4
Belarus,1993,68.97073171,12.6
Belarus,1994,68.76829268,12.7
Belarus,1995,68.46097561,13.1
Belarus,1996,68.51219512,13.1
Belarus,1997,68.46097561,13.5
Belarus,1998,68.40731707,13.6
Belarus,1999,67.90731707,14.2
Belarus,2000,68.91219512,13.5
Belarus,2001,68.50731707,14.1
Belarus,2002,68.05609756,14.9
Belarus,2003,68.55365854,14.6
Belarus,2004,68.95609756,14.4
Belarus,2005,68.85121951,14.7
Belarus,2006,69.40487805,14.4
Belarus,2007,70.20731707,13.9
Belarus,2008,70.45609756,14.1
Belarus,2009,70.40731707,14.2
Belarus,2010,70.40487805,14.4
Belarus,2011,70.55365854,14.3
Belarus,2012,71.96585366,13.4
Belarus,2013,72.47073171,13.2
Belarus,2014,72.97073171,12.8
Belarus,2015,73.62439024,12.6
Switzerland,1960,71.31341463,9.8
Switzerland,1961,71.64487805,9.4
Switzerland,1962,71.19609756,9.9
Switzerland,1963,71.18756098,10
Switzerland,1964,72.07780488,9.3
Switzerland,1965,72.20170732,9.5
Switzerland,1966,72.33560976,9.4
Switzerland,1967,72.63658537,9.2
Switzerland,1968,72.5902439,9.5
Switzerland,1969,72.61268293,9.5
Switzerland,1970,73.0202439,9.2
Switzerland,1971,73.13073171,9.3
Switzerland,1972,73.64439024,9
Switzerland,1973,73.94097561,9
Switzerland,1974,74.28707317,8.9
Switzerland,1975,74.66560976,8.8
Switzerland,1976,74.78536585,9.1
Switzerland,1977,75.23804878,8.9
Switzerland,1978,75.18731707,9.2
Switzerland,1979,75.46609756,9.1
Switzerland,1980,75.45926829,9.4
Switzerland,1981,75.69317073,9.4
Switzerland,1982,76.03390244,9.3
Switzerland,1983,76.03121951,9.5
Switzerland,1984,76.60853659,9.1
Switzerland,1985,76.73365854,9.2
Switzerland,1986,76.89902439,9.2
Switzerland,1987,77.19756098,9.3
Switzerland,1988,77.22658537,9
Switzerland,1989,77.42121951,9.2
Switzerland,1990,77.24243902,9.5
Switzerland,1991,77.51463415,9.2
Switzerland,1992,77.80609756,9.1
Switzerland,1993,78.08536585,9
Switzerland,1994,78.35,8.9
Switzerland,1995,78.41707317,9
Switzerland,1996,78.89609756,8.9
Switzerland,1997,79.0795122,8.9
Switzerland,1998,79.32439024,8.8
Switzerland,1999,79.5804878,8.7
Switzerland,2000,79.6804878,8.7
Switzerland,2001,80.1804878,8.5
Switzerland,2002,80.38536585,8.5
Switzerland,2003,80.53658537,8.6
Switzerland,2004,81.08780488,8.1
Switzerland,2005,81.23658537,8.2
Switzerland,2006,81.4902439,8.1
Switzerland,2007,81.74146341,8.1
Switzerland,2008,81.99268293,8
Switzerland,2009,82.04390244,8.1
Switzerland,2010,82.24634146,8
Switzerland,2011,82.69512195,7.8
Switzerland,2012,82.69756098,8
Switzerland,2013,82.79756098,8
Switzerland,2014,83.19756098,7.8
Switzerland,2015,83.19756098,8.1
Cyprus,1960,69.59392683,7.506
Cyprus,1961,69.92782927,7.324
Cyprus,1962,70.2512439,7.132
Cyprus,1963,70.56468293,6.94
Cyprus,1964,70.86912195,6.766
Cyprus,1965,71.16507317,6.644
Cyprus,1966,71.45253659,6.612
Cyprus,1967,71.731,6.686
Cyprus,1968,72.0024878,6.863
Cyprus,1969,72.26597561,7.129
Cyprus,1970,72.52297561,7.445
Cyprus,1971,72.77297561,7.763
Cyprus,1972,73.01697561,8.031
Cyprus,1973,73.25446341,8.215
Cyprus,1974,73.48546341,8.299
Cyprus,1975,73.71043902,8.285
Cyprus,1976,73.93041463,8.189
Cyprus,1977,74.14487805,8.051
Cyprus,1978,74.35385366,7.906
Cyprus,1979,74.55782927,7.768
Cyprus,1980,74.75680488,7.649
Cyprus,1981,74.95129268,7.549
Cyprus,1982,75.1407561,7.462
Cyprus,1983,75.3252439,7.382
Cyprus,1984,75.50621951,7.309
Cyprus,1985,75.68270732,7.244
Cyprus,1986,75.85617073,7.184
Cyprus,1987,76.02512195,7.129
Cyprus,1988,76.19107317,7.078
Cyprus,1989,76.35402439,7.03
Cyprus,1990,76.51395122,6.988
Cyprus,1991,76.67139024,6.954
Cyprus,1992,76.82631707,6.928
Cyprus,1993,76.97826829,6.911
Cyprus,1994,77.12770732,6.902
Cyprus,1995,77.27465854,6.898
Cyprus,1996,77.41909756,6.895
Cyprus,1997,77.56102439,6.889
Cyprus,1998,77.70092683,6.88
Cyprus,1999,77.83780488,6.865
Cyprus,2000,77.97168293,6.848
Cyprus,2001,78.10056098,6.829
Cyprus,2002,78.22395122,6.812
Cyprus,2003,78.34534146,6.799
Cyprus,2004,78.4657561,6.792
Cyprus,2005,78.59012195,6.788
Cyprus,2006,78.72336585,6.785
Cyprus,2007,78.8695122,6.78
Cyprus,2008,79.02904878,6.773
Cyprus,2009,79.202,6.764
Cyprus,2010,79.38495122,6.757
Cyprus,2011,79.57302439,6.754
Cyprus,2012,79.76178049,6.759
Cyprus,2013,79.94478049,6.775
Cyprus,2014,80.12204878,6.803
Cyprus,2015,80.29104878,6.842
Czech Republic,1960,70.34878049,9.8
Czech Republic,1961,70.51268293,9.9
Czech Republic,1962,69.78682927,10.8
Czech Republic,1963,70.30439024,10.4
Czech Republic,1964,70.4595122,10.5
Czech Republic,1965,70.16317073,10.7
Czech Republic,1966,70.38487805,10.8
Czech Republic,1967,70.26414634,11.1
Czech Republic,1968,69.84073171,11.7
Czech Republic,1969,69.36707317,12.2
Czech Republic,1970,69.4402439,12.5
Czech Republic,1971,69.67707317,12.5
Czech Republic,1972,70.17658537,12.1
Czech Republic,1973,70.02268293,12.5
Czech Republic,1974,70.08658537,12.7
Czech Republic,1975,70.41463415,12.4
Czech Republic,1976,70.53268293,12.4
Czech Republic,1977,70.57341463,12.4
Czech Republic,1978,70.64390244,12.4
Czech Republic,1979,70.7495122,12.4
Czech Republic,1980,70.27804878,13.2
Czech Republic,1981,70.72219512,12.7
Czech Republic,1982,70.80780488,12.7
Czech Republic,1983,70.59146341,13
Czech Republic,1984,70.83756098,12.8
Czech Republic,1985,71.04634146,12.7
Czech Republic,1986,70.99731707,12.8
Czech Republic,1987,71.44560976,12.3
Czech Republic,1988,71.64146341,12.1
Czech Republic,1989,71.67560976,12.3
Czech Republic,1990,71.38390244,12.5
Czech Republic,1991,71.89829268,12.1
Czech Republic,1992,72.27170732,11.7
Czech Republic,1993,72.76780488,11.4
Czech Republic,1994,72.97268293,11.4
Czech Republic,1995,73.07487805,11.4
Czech Republic,1996,73.71463415,10.9
Czech Republic,1997,73.82487805,10.9
Czech Republic,1998,74.51463415,10.6
Czech Republic,1999,74.66829268,10.7
Czech Republic,2000,74.96829268,10.6
Czech Republic,2001,75.17317073,10.5
Czech Republic,2002,75.22195122,10.6
Czech Republic,2003,75.17073171,10.9
Czech Republic,2004,75.72195122,10.5
Czech Republic,2005,75.92439024,10.6
Czech Republic,2006,76.52439024,10.2
Czech Republic,2007,76.72439024,10.2
Czech Republic,2008,76.97560976,10.1
Czech Republic,2009,77.07804878,10.3
Czech Republic,2010,77.42439024,10.2
Czech Republic,2011,77.87317073,10.2
Czech Republic,2012,78.07560976,10.3
Czech Republic,2013,78.17560976,10.4
Czech Republic,2014,78.82439024,10
Czech Republic,2015,79.47317073,10.5
Germany,1960,69.31002439,12
Germany,1961,69.508,11.6
Germany,1962,69.69153659,11.9
Germany,1963,69.85960976,12
Germany,1964,70.01370732,11.6
Germany,1965,70.15182927,12
Germany,1966,70.27141463,11.9
Germany,1967,70.374,11.9
Germany,1968,70.46509756,12.6
Germany,1969,70.55068293,12.7
Germany,1970,70.63978049,12.5
Germany,1971,70.74287805,12.3
Germany,1972,70.867,12.3
Germany,1973,71.01668293,12.2
Germany,1974,71.19541463,12.1
Germany,1975,71.40173171,12.6
Germany,1976,71.63414634,12.3
Germany,1977,71.88368293,11.9
Germany,1978,72.14329268,12.2
Germany,1979,72.40853659,12.1
Germany,1980,72.67790244,12.2
Germany,1981,72.95039024,12.2
Germany,1982,73.227,12
Germany,1983,73.50519512,12
Germany,1984,73.78292683,11.8
Germany,1985,74.05463415,12
Germany,1986,74.31373171,11.9
Germany,1987,74.55968293,11.6
Germany,1988,74.7924878,11.5
Germany,1989,75.01314634,11.5
Germany,1990,75.2277561,11.6
Germany,1991,75.3195122,11.4
Germany,1992,75.8195122,11
Germany,1993,75.87073171,11.1
Germany,1994,76.27073171,10.9
Germany,1995,76.42195122,10.8
Germany,1996,76.67317073,10.8
Germany,1997,77.07317073,10.5
Germany,1998,77.47560976,10.4
Germany,1999,77.72682927,10.3
Germany,2000,77.92682927,10.2
Germany,2001,78.32926829,10.1
Germany,2002,78.22926829,10.2
Germany,2003,78.3804878,10.3
Germany,2004,78.6804878,9.9
Germany,2005,78.93170732,10.1
Germany,2006,79.13170732,10
Germany,2007,79.53414634,10.1
Germany,2008,79.73658537,10.3
Germany,2009,79.83658537,10.4
Germany,2010,79.98780488,10.5
Germany,2011,80.43658537,10.6
Germany,2012,80.53902439,10.8
Germany,2013,80.4902439,11.1
Germany,2014,81.0902439,10.7
Germany,2015,81.0902439,11.3
Denmark,1960,72.17658537,9.5
Denmark,1961,72.43829268,9.4
Denmark,1962,72.3197561,9.8
Denmark,1963,72.4004878,9.8
Denmark,1964,72.48512195,9.9
Denmark,1965,72.37073171,10.1
Denmark,1966,72.44414634,10.3
Denmark,1967,72.92219512,9.9
Denmark,1968,73.12146341,9.7
Denmark,1969,73.22097561,9.8
Denmark,1970,73.34341463,9.8
Denmark,1971,73.41463415,9.8
Denmark,1972,73.43902439,10.1
Denmark,1973,73.68219512,10.1
Denmark,1974,73.80829268,10.2
Denmark,1975,74.07512195,10.1
Denmark,1976,73.7397561,10.6
Denmark,1977,74.63243902,9.9
Denmark,1978,74.39292683,10.4
Denmark,1979,74.21926829,10.7
Denmark,1980,74.10170732,10.9
Denmark,1981,74.2304878,11
Denmark,1982,74.55121951,10.8
Denmark,1983,74.4204878,11.2
Denmark,1984,74.56219512,11.2
Denmark,1985,74.42756098,11.4
Denmark,1986,74.5797561,11.3
Denmark,1987,74.69121951,11.3
Denmark,1988,74.77170732,11.5
Denmark,1989,74.7997561,11.6
Denmark,1990,74.80536585,11.9
Denmark,1991,75.15780488,11.6
Denmark,1992,75.19414634,11.8
Denmark,1993,75.11682927,12.1
Denmark,1994,75.37512195,11.7
Denmark,1995,75.21268293,12.1
Denmark,1996,75.59146341,11.6
Denmark,1997,75.94512195,11.3
Denmark,1998,76.13902439,11
Denmark,1999,76.34146341,11.1
Denmark,2000,76.59268293,10.9
Denmark,2001,76.79268293,10.9
Denmark,2002,76.89512195,10.9
Denmark,2003,77.14390244,10.7
Denmark,2004,77.49268293,10.3
Denmark,2005,77.84390244,10.1
Denmark,2006,78.09512195,10.2
Denmark,2007,78.19512195,10.2
Denmark,2008,78.44634146,9.9
Denmark,2009,78.59756098,9.9
Denmark,2010,79.1,9.8
Denmark,2011,79.8,9.4
Denmark,2012,80.05121951,9.4
Denmark,2013,80.3,9.3
Denmark,2014,80.7,9.1
Denmark,2015,81.1,9.2
Spain,1960,69.10926829,8.6
Spain,1961,69.4804878,8.3
Spain,1962,69.51902439,8.7
Spain,1963,69.68121951,8.8
Spain,1964,70.3997561,8.4
Spain,1965,70.80926829,8.4
Spain,1966,71.05512195,8.4
Spain,1967,71.25292683,8.4
Spain,1968,71.53780488,8.4
Spain,1969,71.05756098,8.9
Spain,1970,72.02731707,8.3
Spain,1971,71.6302439,8.8
Spain,1972,72.81804878,8.1
Spain,1973,72.61073171,8.5
Spain,1974,72.9697561,8.3
Spain,1975,73.31878049,8.3
Spain,1976,73.64268293,8.3
Spain,1977,74.13195122,8.1
Spain,1978,74.29560976,8.1
Spain,1979,74.81878049,7.8
Spain,1980,75.34926829,7.7
Spain,1981,75.52853659,7.8
Spain,1982,76.13414634,7.5
Spain,1983,75.90902439,7.9
Spain,1984,76.29536585,7.8
Spain,1985,76.2595122,8.1
Spain,1986,76.5104878,8
Spain,1987,76.72804878,8
Spain,1988,76.74707317,8.2
Spain,1989,76.81365854,8.4
Spain,1990,76.83756098,8.6
Spain,1991,76.97121951,8.7
Spain,1992,77.41,8.5
Spain,1993,77.54658537,8.6
Spain,1994,77.90146341,8.6
Spain,1995,77.98073171,8.7
Spain,1996,78.1204878,8.8
Spain,1997,78.60414634,8.7
Spain,1998,78.66585366,9
Spain,1999,78.71707317,9.2
Spain,2000,78.96585366,8.9
Spain,2001,79.36829268,8.8
Spain,2002,79.56829268,8.8
Spain,2003,79.6195122,9.1
Spain,2004,79.87073171,8.6
Spain,2005,80.17073171,8.8
Spain,2006,80.82195122,8.3
Spain,2007,80.87317073,8.5
Spain,2008,81.17560976,8.4
Spain,2009,81.47560976,8.3
Spain,2010,81.62682927,8.2
Spain,2011,82.47560976,8.3
Spain,2012,82.42682927,8.6
Spain,2013,83.07804878,8.3
Spain,2014,83.22926829,8.5
Spain,2015,83.3804878,9
Estonia,1960,67.90290244,10.5
Estonia,1961,68.36080488,10.6
Estonia,1962,68.74102439,10.9
Estonia,1963,69.05356098,10.5
Estonia,1964,69.30992683,10
Estonia,1965,69.51763415,10.4
Estonia,1966,69.68119512,10.5
Estonia,1967,69.80212195,10.4
Estonia,1968,69.88292683,10.7
Estonia,1969,69.92809756,11.3
Estonia,1970,69.93709756,11.2
Estonia,1971,69.90534146,10.9
Estonia,1972,69.83282927,11.1
Estonia,1973,69.72458537,11.1
Estonia,1974,69.59021951,10.9
Estonia,1975,69.44131707,11.6
Estonia,1976,69.29002439,12.1
Estonia,1977,69.14695122,11.8
Estonia,1978,69.02626829,12.2
Estonia,1979,68.93858537,12.3
Estonia,1980,68.90563415,12.3
Estonia,1981,68.97804878,12.3
Estonia,1982,69.12682927,11.9
Estonia,1983,69.37560976,12.1
Estonia,1984,69.27804878,12.6
Estonia,1985,69.3804878,12.7
Estonia,1986,70.08536585,11.7
Estonia,1987,70.64390244,11.8
Estonia,1988,70.69756098,11.9
Estonia,1989,70.03902439,11.8
Estonia,1990,69.47560976,12.4
Estonia,1991,69.37317073,12.6
Estonia,1992,68.86341463,13.1
Estonia,1993,67.9097561,14.2
Estonia,1994,66.5,15.2
Estonia,1995,67.54390244,14.5
Estonia,1996,69.61219512,13.4
Estonia,1997,69.8097561,13.3
Estonia,1998,69.35853659,14
Estonia,1999,70.06341463,13.4
Estonia,2000,70.41707317,13.2
Estonia,2001,70.25853659,13.3
Estonia,2002,70.90487805,13.3
Estonia,2003,71.31707317,13.2
Estonia,2004,71.9097561,13
Estonia,2005,72.56829268,12.8
Estonia,2006,72.69146341,12.9
Estonia,2007,72.81463415,13
Estonia,2008,73.77073171,12.5
Estonia,2009,74.82439024,12.1
Estonia,2010,75.42926829,11.9
Estonia,2011,76.22926829,11.5
Estonia,2012,76.32682927,11.7
Estonia,2013,77.14146341,11.6
Estonia,2014,77.03414634,11.8
Estonia,2015,77.13170732,11.6
Finland,1960,68.8197561,9
Finland,1961,68.84414634,9.1
Finland,1962,68.57780488,9.5
Finland,1963,69.01268293,9.3
Finland,1964,69.22097561,9.3
Finland,1965,68.97780488,9.7
Finland,1966,69.47707317,9.5
Finland,1967,69.66658537,9.5
Finland,1968,69.61634146,9.7
Finland,1969,69.50341463,9.9
Finland,1970,70.1795122,9.6
Finland,1971,70.01756098,9.9
Finland,1972,70.70731707,9.5
Finland,1973,71.22365854,9.3
Finland,1974,71.13487805,9.5
Finland,1975,71.67365854,9.3
Finland,1976,71.81292683,9.5
Finland,1977,72.3502439,9.3
Finland,1978,72.89707317,9.2
Finland,1979,73.15536585,9.2
Finland,1980,73.44,9.3
Finland,1981,73.74658537,9.3
Finland,1982,74.29804878,9
Finland,1983,74.20097561,9.3
Finland,1984,74.51902439,9.2
Finland,1985,74.22292683,9.8
Finland,1986,74.56,9.6
Finland,1987,74.59195122,9.7
Finland,1988,74.57707317,9.9
Finland,1989,74.79219512,9.9
Finland,1990,74.81317073,10
Finland,1991,75.22756098,9.8
Finland,1992,75.45536585,9.9
Finland,1993,75.70512195,10.1
Finland,1994,76.39560976,9.4
Finland,1995,76.4095122,9.6
Finland,1996,76.69341463,9.6
Finland,1997,76.87853659,9.6
Finland,1998,77.09073171,9.6
Finland,1999,77.29121951,9.6
Finland,2000,77.46585366,9.5
Finland,2001,77.96585366,9.4
Finland,2002,78.1195122,9.5
Finland,2003,78.36829268,9.4
Finland,2004,78.71463415,9.1
Finland,2005,78.81707317,9.1
Finland,2006,79.21463415,9.1
Finland,2007,79.26341463,9.3
Finland,2008,79.56829268,9.2
Finland,2009,79.7195122,9.3
Finland,2010,79.87073171,9.5
Finland,2011,80.47073171,9.4
Finland,2012,80.62682927,9.6
Finland,2013,80.97560976,9.5
Finland,2014,81.1804878,9.6
Finland,2015,81.38536585,9.6
France,1960,69.86829268,11.4
France,1961,70.11707317,11.3
France,1962,70.31463415,11.2
France,1963,70.51463415,11.1
France,1964,70.66341463,11.1
France,1965,70.81219512,11.1
France,1966,70.96097561,11
France,1967,71.16097561,11
France,1968,71.3097561,10.9
France,1969,71.45853659,10.9
France,1970,71.65853659,10.8
France,1971,71.90731707,10.8
France,1972,72.10731707,10.7
France,1973,72.35609756,10.6
France,1974,72.60487805,10.5
France,1975,72.85365854,10.4
France,1976,73.10243902,10.4
France,1977,73.35121951,10.3
France,1978,73.60243902,10.2
France,1979,73.85121951,10.2
France,1980,74.05121951,10.2
France,1981,74.3,10.1
France,1982,74.5,10
France,1983,74.8,10
France,1984,75,9.9
France,1985,75.3,9.8
France,1986,75.6,9.7
France,1987,75.8,9.6
France,1988,76.1,9.5
France,1989,76.34878049,9.4
France,1990,76.6,9.3
France,1991,76.84878049,9.2
France,1992,77.1,9.2
France,1993,77.3,9.2
France,1994,77.64878049,9.1
France,1995,77.75121951,9.1
France,1996,77.95365854,9.1
France,1997,78.30487805,9.1
France,1998,78.60487805,9.1
France,1999,78.75609756,9.1
France,2000,79.05609756,8.9
France,2001,79.15853659,8.8
France,2002,79.26097561,8.8
France,2003,79.11463415,9.1
France,2004,80.16341463,8.3
France,2005,80.16341463,8.5
France,2006,80.81219512,8.3
France,2007,81.11219512,8.3
France,2008,81.21463415,8.5
France,2009,81.41463415,8.5
France,2010,81.66341463,8.5
France,2011,82.11463415,8.4
France,2012,81.96829268,8.7
France,2013,82.2195122,8.7
France,2014,82.67073171,8.5
France,2015,82.67073171,9
United Kingdom,1960,71.12682927,11.5
United Kingdom,1961,70.87804878,12
United Kingdom,1962,70.92682927,11.9
United Kingdom,1963,70.82682927,12.2
United Kingdom,1964,71.62439024,11.3
United Kingdom,1965,71.62439024,11.6
United Kingdom,1966,71.57317073,11.8
United Kingdom,1967,72.12439024,11.2
United Kingdom,1968,71.72439024,11.9
United Kingdom,1969,71.72195122,11.9
United Kingdom,1970,71.97317073,11.8
United Kingdom,1971,72.27317073,11.5
United Kingdom,1972,72.12439024,12
United Kingdom,1973,72.32439024,11.9
United Kingdom,1974,72.52439024,11.9
United Kingdom,1975,72.72439024,11.8
United Kingdom,1976,72.77560976,12.1
United Kingdom,1977,73.22439024,11.7
United Kingdom,1978,73.17560976,11.9
United Kingdom,1979,73.27560976,12
United Kingdom,1980,73.67560976,11.7
United Kingdom,1981,74.02682927,11.7
United Kingdom,1982,74.17804878,11.8
United Kingdom,1983,74.37804878,11.7
United Kingdom,1984,74.77804878,11.4
United Kingdom,1985,74.62926829,11.9
United Kingdom,1986,74.92926829,11.7
United Kingdom,1987,75.2804878,11.3
United Kingdom,1988,75.3804878,11.4
United Kingdom,1989,75.58292683,11.5
United Kingdom,1990,75.8804878,11.2
United Kingdom,1991,76.08292683,11.3
United Kingdom,1992,76.43414634,11
United Kingdom,1993,76.38536585,11.4
United Kingdom,1994,76.88536585,10.8
United Kingdom,1995,76.83658537,11.1
United Kingdom,1996,77.08780488,10.9
United Kingdom,1997,77.21097561,10.8
United Kingdom,1998,77.1902439,10.8
United Kingdom,1999,77.3902439,10.8
United Kingdom,2000,77.74146341,10.3
United Kingdom,2001,77.99268293,10.2
United Kingdom,2002,78.14390244,10.2
United Kingdom,2003,78.44634146,10.2
United Kingdom,2004,78.74634146,9.7
United Kingdom,2005,79.04878049,9.6
United Kingdom,2006,79.24878049,9.4
United Kingdom,2007,79.44878049,9.4
United Kingdom,2008,79.6,9.4
United Kingdom,2009,80.05121951,9
United Kingdom,2010,80.40243902,8.9
United Kingdom,2011,80.95121951,8.7
United Kingdom,2012,80.90487805,8.9
United Kingdom,2013,81.00487805,9
United Kingdom,2014,81.30487805,8.8
United Kingdom,2015,81.60487805,9.3
Greece,1960,68.16390244,7.3
Greece,1961,68.54863415,7.6
Greece,1962,68.89226829,7.9
Greece,1963,69.18570732,7.9
Greece,1964,69.42943902,8.2
Greece,1965,69.638,7.9
Greece,1966,69.83746341,7.9
Greece,1967,70.05246341,8.3
Greece,1968,70.30256098,8.4
Greece,1969,70.58929268,8.2
Greece,1970,70.90363415,8.4
Greece,1971,71.22656098,8.4
Greece,1972,71.535,8.6
Greece,1973,71.81485366,8.7
Greece,1974,72.06463415,8.5
Greece,1975,72.29370732,8.9
Greece,1976,72.51956098,8.9
Greece,1977,72.76165854,9
Greece,1978,73.03107317,8.7
Greece,1979,73.32936585,8.6
Greece,1980,73.64714634,9.1
Greece,1981,73.9694878,8.9
Greece,1982,74.279,8.8
Greece,1983,74.56585366,9.2
Greece,1984,74.82912195,8.9
Greece,1985,75.0785122,9.4
Greece,1986,75.32970732,9.2
Greece,1987,75.59814634,9.6
Greece,1988,75.8912439,9.2
Greece,1989,76.68780488,9.2
Greece,1990,76.93902439,9.2
Greece,1991,77.13658537,9.3
Greece,1992,77.38292683,9.4
Greece,1993,77.3902439,9.3
Greece,1994,77.63902439,9.3
Greece,1995,77.58536585,9.5
Greece,1996,77.68536585,9.5
Greece,1997,78.13658537,9.4
Greece,1998,77.83902439,9.6
Greece,1999,77.98780488,9.6
Greece,2000,77.88780488,9.7
Greece,2001,78.38780488,9.4
Greece,2002,78.64146341,9.5
Greece,2003,78.84146341,9.7
Greece,2004,79.03902439,9.6
Greece,2005,79.23902439,9.6
Greece,2006,79.43902439,9.6
Greece,2007,79.43902439,9.9
Greece,2008,79.93902439,9.7
Greece,2009,80.18780488,9.8
Greece,2010,80.38780488,9.8
Greece,2011,80.73170732,10
Greece,2012,80.63414634,10.6
Greece,2013,81.28536585,10.2
Greece,2014,81.43658537,10.4
Greece,2015,81.58780488,11.2
Croatia,1960,64.60865854,10
Croatia,1961,65.0155122,9.1
Croatia,1962,65.4082439,10
Croatia,1963,65.78787805,9.1
Croatia,1964,66.15443902,10.1
Croatia,1965,66.51204878,9.3
Croatia,1966,66.86278049,8.8
Croatia,1967,67.20873171,9.5
Croatia,1968,67.54892683,10
Croatia,1969,67.88136585,10.7
Croatia,1970,68.2004878,10
Croatia,1971,68.50163415,10.1
Croatia,1972,68.77873171,10.8
Croatia,1973,69.0292439,10.2
Croatia,1974,69.25270732,10
Croatia,1975,70.00195122,10.1
Croatia,1976,70.45536585,9.9
Croatia,1977,70.74439024,9.9
Croatia,1978,70.53878049,10.6
Croatia,1979,70.42731707,10.5
Croatia,1980,70.17536585,10.9
Croatia,1981,70.34439024,11.2
Croatia,1982,70.48268293,11
Croatia,1983,70.27487805,11.8
Croatia,1984,70.21853659,11.6
Croatia,1985,70.88609756,11.1
Croatia,1986,71.41902439,11
Croatia,1987,71.4702439,11.2
Croatia,1988,71.48829268,11.1
Croatia,1989,71.84463415,11
Croatia,1990,72.1704878,10.9
Croatia,1991,72.18536585,11.7
Croatia,1992,71.24146341,11.3
Croatia,1993,71.52243902,11.1
Croatia,1994,71.80341463,10.6
Croatia,1995,72.08439024,10.9
Croatia,1996,72.36536585,11.1
Croatia,1997,72.49512195,11.5
Croatia,1998,72.31707317,11.5
Croatia,1999,72.64195122,11.5
Croatia,2000,72.80780488,11.2
Croatia,2001,74.51292683,11.2
Croatia,2002,74.71731707,11.4
Croatia,2003,74.61390244,11.8
Croatia,2004,75.5202439,11.2
Croatia,2005,75.24463415,11.656
Croatia,2006,75.83682927,11.341
Croatia,2007,75.70560976,11.798
Croatia,2008,75.91219512,11.8
Croatia,2009,76.16829268,11.8
Croatia,2010,76.47560976,11.8
Croatia,2011,76.77560976,11.9
Croatia,2012,76.92439024,12.1
Croatia,2013,77.12682927,11.8
Croatia,2014,77.47804878,12
Croatia,2015,77.27560976,12.9
Hungary,1960,68.00317073,10.2
Hungary,1961,68.93609756,9.6
Hungary,1962,67.86585366,10.8
Hungary,1963,68.87414634,9.9
Hungary,1964,69.38097561,10
Hungary,1965,69.07121951,10.7
Hungary,1966,69.82243902,10
Hungary,1967,69.40707317,10.7
Hungary,1968,69.2302439,11.2
Hungary,1969,69.31463415,11.3
Hungary,1970,69.16463415,11.6
Hungary,1971,69.05243902,11.9
Hungary,1972,69.66463415,11.4
Hungary,1973,69.51804878,11.8
Hungary,1974,69.24804878,12
Hungary,1975,69.29,12.4
Hungary,1976,69.57317073,12.5
Hungary,1977,69.84804878,12.4
Hungary,1978,69.39390244,13.1
Hungary,1979,69.61536585,12.8
Hungary,1980,69.06170732,13.6
Hungary,1981,69.13926829,13.5
Hungary,1982,69.35780488,13.5
Hungary,1983,68.97365854,13.9
Hungary,1984,69.02585366,13.8
Hungary,1985,68.97219512,13.9
Hungary,1986,69.17341463,13.8
Hungary,1987,69.65121951,13.4
Hungary,1988,70.02341463,13.2
Hungary,1989,69.46170732,13.8
Hungary,1990,69.31560976,14
Hungary,1991,69.37707317,14
Hungary,1992,69.11707317,14.3
Hungary,1993,69.10121951,14.5
Hungary,1994,69.4697561,14.2
Hungary,1995,69.79170732,14.1
Hungary,1996,70.32878049,13.9
Hungary,1997,70.70243902,13.5
Hungary,1998,70.55780488,13.7
Hungary,1999,70.67707317,14
Hungary,2000,71.24634146,13.3
Hungary,2001,72.24878049,13
Hungary,2002,72.34878049,13.1
Hungary,2003,72.3,13.4
Hungary,2004,72.64878049,13.1
Hungary,2005,72.64878049,13.5
Hungary,2006,73.09756098,13.1
Hungary,2007,73.15121951,13.2
Hungary,2008,73.70243902,13
Hungary,2009,73.90487805,13
Hungary,2010,74.20731707,13
Hungary,2011,74.85853659,12.9
Hungary,2012,75.06341463,13
Hungary,2013,75.56585366,12.8
Hungary,2014,75.76341463,12.8
Hungary,2015,75.96097561,13.4
Ireland,1960,69.7965122,11.5
Ireland,1961,69.97826829,12.3
Ireland,1962,70.13407317,11.9
Ireland,1963,70.27292683,11.8
Ireland,1964,70.40129268,11.4
Ireland,1965,70.52314634,11.5
Ireland,1966,70.63843902,12.2
Ireland,1967,70.74514634,10.8
Ireland,1968,70.84429268,11.4
Ireland,1969,70.93787805,11.5
Ireland,1970,71.03143902,11.4
Ireland,1971,71.12853659,10.7
Ireland,1972,71.2322439,11.3
Ireland,1973,71.34556098,11.1
Ireland,1974,71.47202439,11.1
Ireland,1975,71.61660976,10.4
Ireland,1976,71.78278049,10.5
Ireland,1977,71.969,10.2
Ireland,1978,72.17373171,10.2
Ireland,1979,72.39346341,10
Ireland,1980,72.6232439,9.8
Ireland,1981,72.85609756,9.5
Ireland,1982,73.08807317,9.3
Ireland,1983,73.31368293,9.4
Ireland,1984,73.53146341,9.1
Ireland,1985,73.74236585,9.4
Ireland,1986,73.95141463,9.5
Ireland,1987,74.16253659,8.9
Ireland,1988,74.37770732,9
Ireland,1989,74.59590244,9.1
Ireland,1990,74.80909756,8.9
Ireland,1991,75.00526829,8.9
Ireland,1992,75.18095122,8.7
Ireland,1993,75.33612195,9
Ireland,1994,75.47680488,8.6
Ireland,1995,75.61756098,8.9
Ireland,1996,75.83170732,8.7
Ireland,1997,75.98536585,8.6
Ireland,1998,76.1804878,8.5
Ireland,1999,76.08292683,8.7
Ireland,2000,76.53658537,8.2
Ireland,2001,77.13414634,7.8
Ireland,2002,77.63414634,7.5
Ireland,2003,78.13902439,7.3
Ireland,2004,78.53902439,7
Ireland,2005,78.94390244,6.8
Ireland,2006,79.24146341,6.7
Ireland,2007,79.64146341,6.4
Ireland,2008,80.09512195,6.3
Ireland,2009,80.1902439,6.3
Ireland,2010,80.74390244,6.1
Ireland,2011,80.74634146,6.2
Ireland,2012,80.84634146,6.4
Ireland,2013,81,6.4
Ireland,2014,81.34878049,6.3
Ireland,2015,81.50243902,6.4
Iceland,1960,73.42317073,6.6
Iceland,1961,73.50341463,7
Iceland,1962,73.72195122,6.8
Iceland,1963,73.04292683,7.2
Iceland,1964,73.54170732,7
Iceland,1965,73.86878049,6.7
Iceland,1966,73.3004878,7.1
Iceland,1967,73.78317073,7
Iceland,1968,74.00585366,6.9
Iceland,1969,73.77634146,7.1
Iceland,1970,73.93390244,7.1
Iceland,1971,73.5704878,7.3
Iceland,1972,74.45585366,6.9
Iceland,1973,74.45097561,7
Iceland,1974,74.51170732,7
Iceland,1975,75.57878049,6.5
Iceland,1976,76.97219512,6.1
Iceland,1977,76.37365854,6.5
Iceland,1978,76.64926829,6.4
Iceland,1979,76.77317073,6.6
Iceland,1980,76.84658537,6.8
Iceland,1981,76.52146341,7.2
Iceland,1982,77.03780488,6.8
Iceland,1983,76.84560976,7
Iceland,1984,77.57658537,6.6
Iceland,1985,77.60243902,6.8
Iceland,1986,77.99073171,6.6
Iceland,1987,77.33902439,7
Iceland,1988,77.08292683,7.3
Iceland,1989,78.14097561,6.8
Iceland,1990,78.03634146,6.7
Iceland,1991,77.99195122,7
Iceland,1992,78.7602439,6.6
Iceland,1993,78.93463415,6.6
Iceland,1994,79.24707317,6.5
Iceland,1995,77.98439024,7.2
Iceland,1996,78.77780488,7
Iceland,1997,78.88536585,6.8
Iceland,1998,79.60243902,6.6
Iceland,1999,79.35121951,6.9
Iceland,2000,79.65365854,6.5
Iceland,2001,80.6902439,6.1
Iceland,2002,80.50243902,6.3
Iceland,2003,80.96341463,6.3
Iceland,2004,80.99756098,6.2
Iceland,2005,81.50243902,6.2
Iceland,2006,81.15853659,6.3
Iceland,2007,81.45365854,6.2
Iceland,2008,81.6097561,6.3
Iceland,2009,81.75121951,6.3
Iceland,2010,81.89756098,6.4
Iceland,2011,82.35853659,6.2
Iceland,2012,82.91707317,6.1
Iceland,2013,82.06097561,6.7
Iceland,2014,82.86097561,6.3
Iceland,2015,82.86097561,6.6
Italy,1960,69.12390244,9.6
Italy,1961,69.7602439,9.3
Italy,1962,69.1497561,10
Italy,1963,69.24804878,10.1
Italy,1964,70.31170732,9.5
Italy,1965,70.17170732,9.9
Italy,1966,70.92609756,9.4
Italy,1967,70.95658537,9.6
Italy,1968,70.78,10
Italy,1969,70.81195122,10.1
Italy,1970,71.55878049,9.7
Italy,1971,71.80682927,9.7
Italy,1972,72.07536585,9.6
Italy,1973,72.02634146,10
Italy,1974,72.73439024,9.7
Italy,1975,72.64731707,10
Italy,1976,72.99195122,9.9
Italy,1977,73.36463415,9.8
Italy,1978,73.69317073,9.6
Italy,1979,74.00268293,9.6
Italy,1980,73.94317073,9.8
Italy,1981,74.35390244,9.7
Italy,1982,74.81463415,9.5
Italy,1983,74.6402439,10
Italy,1984,75.3895122,9.5
Italy,1985,75.47073171,9.7
Italy,1986,75.77073171,9.6
Italy,1987,76.2195122,9.4
Italy,1988,76.37073171,9.5
Italy,1989,76.8195122,9.4
Italy,1990,76.97073171,9.6
Italy,1991,77.0195122,9.7
Italy,1992,77.4195122,9.6
Italy,1993,77.72195122,9.7
Italy,1994,77.92195122,9.7
Italy,1995,78.17073171,9.8
Italy,1996,78.52195122,9.7
Italy,1997,78.82439024,9.8
Italy,1998,78.97560976,10
Italy,1999,79.42439024,9.8
Italy,2000,79.77804878,9.8
Italy,2001,80.12682927,9.6
Italy,2002,80.22926829,9.8
Italy,2003,79.98292683,10.2
Italy,2004,80.7804878,9.5
Italy,2005,80.78292683,9.8
Italy,2006,81.28292683,9.6
Italy,2007,81.43414634,9.8
Italy,2008,81.48536585,9.9
Italy,2009,81.63658537,10
Italy,2010,82.03658537,9.9
Italy,2011,82.18780488,10
Italy,2012,82.23902439,10.3
Italy,2013,82.6902439,10
Italy,2014,83.0902439,9.8
Italy,2015,83.4902439,10.7
Lithuania,1960,69.84731707,7.8
Lithuania,1961,70.10268293,7.9
Lithuania,1962,69.09536585,8.7
Lithuania,1963,70.20439024,8
Lithuania,1964,71.50902439,7.4
Lithuania,1965,71.32512195,7.9
Lithuania,1966,71.5202439,7.9
Lithuania,1967,71.60390244,8.1
Lithuania,1968,71.31365854,8.4
Lithuania,1969,70.92853659,8.7
Lithuania,1970,70.80439024,8.9
Lithuania,1971,71.73536585,8.5
Lithuania,1972,71.02463415,9.1
Lithuania,1973,71.33219512,9
Lithuania,1974,71.24414634,9
Lithuania,1975,70.86731707,9.5
Lithuania,1976,70.95804878,9.6
Lithuania,1977,70.8095122,9.8
Lithuania,1978,70.60463415,10.1
Lithuania,1979,70.48219512,10.3
Lithuania,1980,70.48219512,10.5
Lithuania,1981,70.46073171,10.4
Lithuania,1982,70.83682927,10.1
Lithuania,1983,70.77780488,10.5
Lithuania,1984,70.32,11
Lithuania,1985,70.50121951,11.1
Lithuania,1986,72.08073171,10
Lithuania,1987,71.93463415,10.2
Lithuania,1988,71.76219512,10.3
Lithuania,1989,71.42536585,10.4
Lithuania,1990,71.16073171,10.8
Lithuania,1991,70.36414634,11.1
Lithuania,1992,70.23439024,11.2
Lithuania,1993,68.9104878,12.5
Lithuania,1994,68.5302439,12.7
Lithuania,1995,69.00634146,12.5
Lithuania,1996,70.10804878,11.9
Lithuania,1997,70.90902439,11.5
Lithuania,1998,71.2195122,11.5
Lithuania,1999,71.57073171,11.4
Lithuania,2000,72.0195122,11.1
Lithuania,2001,71.65853659,11.6
Lithuania,2002,71.76097561,11.9
Lithuania,2003,72.06097561,12
Lithuania,2004,71.96097561,12.2
Lithuania,2005,71.25365854,13.2
Lithuania,2006,71.05609756,13.7
Lithuania,2007,70.9,14.1
Lithuania,2008,71.81219512,13.7
Lithuania,2009,72.91463415,13.3
Lithuania,2010,73.26829268,13.6
Lithuania,2011,73.56341463,13.6
Lithuania,2012,73.86341463,13.7
Lithuania,2013,73.91463415,14
Lithuania,2014,74.51707317,13.7
Lithuania,2015,75.1195122,14.1
Luxemburg,1960,68.44639024,11.8
Luxemburg,1961,68.73773171,11.4
Luxemburg,1962,68.99812195,12.6
Luxemburg,1963,69.22307317,12.1
Luxemburg,1964,69.41104878,11.8
Luxemburg,1965,69.56102439,12.2
Luxemburg,1966,69.67446341,12.1
Luxemburg,1967,69.76134146,12.3
Luxemburg,1968,69.83514634,12.2
Luxemburg,1969,69.90485366,12.4
Luxemburg,1970,69.98346341,12.2
Luxemburg,1971,70.08143902,12.8
Luxemburg,1972,70.20531707,11.9
Luxemburg,1973,70.35817073,12
Luxemburg,1974,70.54256098,12.2
Luxemburg,1975,70.75760976,12.2
Luxemburg,1976,70.9985122,12.5
Luxemburg,1977,71.25629268,11.3
Luxemburg,1978,71.52246341,11.6
Luxemburg,1979,71.79446341,11
Luxemburg,1980,72.07260976,11.3
Luxemburg,1981,72.35768293,11.2
Luxemburg,1982,72.65346341,11.3
Luxemburg,1983,72.95887805,11.3
Luxemburg,1984,73.27192683,11.1
Luxemburg,1985,73.5857561,11
Luxemburg,1986,73.89460976,10.8
Luxemburg,1987,74.1937561,10.8
Luxemburg,1988,74.48034146,10.3
Luxemburg,1989,74.75241463,10.6
Luxemburg,1990,75.01041463,9.9
Luxemburg,1991,75.46341463,9.7
Luxemburg,1992,75.77073171,10.3
Luxemburg,1993,75.71219512,9.8
Luxemburg,1994,76.37073171,9.4
Luxemburg,1995,76.51219512,9.3
Luxemburg,1996,76.5195122,9.4
Luxemburg,1997,76.8804878,9.4
Luxemburg,1998,77.01707317,9.2
Luxemburg,1999,77.77073171,8.8
Luxemburg,2000,77.87317073,8.6
Luxemburg,2001,77.82439024,8.4
Luxemburg,2002,77.96585366,8.4
Luxemburg,2003,77.72682927,9
Luxemburg,2004,79.12195122,7.8
Luxemburg,2005,79.43170732,7.8
Luxemburg,2006,79.28780488,8
Luxemburg,2007,79.38292683,8.1
Luxemburg,2008,80.53902439,7.4
Luxemburg,2009,80.63658537,7.3
Luxemburg,2010,80.63170732,7.4
Luxemburg,2011,80.98780488,7.4
Luxemburg,2012,81.39268293,7.3
Luxemburg,2013,81.8,7
Luxemburg,2014,82.22926829,6.9
Luxemburg,2015,82.22926829,7
Latvia,1960,69.78682927,10
Latvia,1961,70.03243902,10.1
Latvia,1962,69.4304878,10.8
Latvia,1963,69.82902439,10.3
Latvia,1964,71.02804878,9.4
Latvia,1965,70.72658537,10.1
Latvia,1966,70.70731707,10.2
Latvia,1967,70.39390244,10.6
Latvia,1968,70.04292683,10.8
Latvia,1969,69.79682927,11.2
Latvia,1970,69.83536585,11.3
Latvia,1971,70.16463415,11.1
Latvia,1972,69.87878049,11.4
Latvia,1973,69.81341463,11.6
Latvia,1974,69.74097561,11.5
Latvia,1975,68.92536585,12.2
Latvia,1976,69.04780488,12.3
Latvia,1977,69.10463415,12.4
Latvia,1978,68.98780488,12.5
Latvia,1979,68.49560976,12.8
Latvia,1980,68.80853659,12.8
Latvia,1981,68.78634146,12.7
Latvia,1982,69.32829268,12.3
Latvia,1983,69.11902439,12.7
Latvia,1984,69.16292683,13
Latvia,1985,69.29146341,13.2
Latvia,1986,70.62243902,12
Latvia,1987,70.69292683,12.2
Latvia,1988,70.61536585,12.2
Latvia,1989,70.15536585,12.2
Latvia,1990,69.27317073,13.1
Latvia,1991,69.03243902,13.1
Latvia,1992,68.39609756,13.5
Latvia,1993,66.72268293,15.3
Latvia,1994,65.66439024,16.6
Latvia,1995,66.39121951,15.7
Latvia,1996,68.77658537,14
Latvia,1997,69.34926829,13.8
Latvia,1998,69.01219512,14.2
Latvia,1999,69.74292683,13.7
Latvia,2000,70.31463415,13.6
Latvia,2001,70.76097561,14.1
Latvia,2002,70.96097561,14.1
Latvia,2003,71.26585366,14.2
Latvia,2004,72.02682927,14.2
Latvia,2005,71.35609756,14.6
Latvia,2006,70.86585366,14.9
Latvia,2007,71.0195122,15
Latvia,2008,72.4195122,14.2
Latvia,2009,73.0804878,14
Latvia,2010,73.48292683,14.3
Latvia,2011,73.57560976,13.9
Latvia,2012,73.77804878,14.3
Latvia,2013,73.98292683,14.3
Latvia,2014,74.12439024,14.3
Latvia,2015,74.12439024,14.4
Malta,1960,68.59529268,8.6
Malta,1961,68.8872439,9
Malta,1962,69.1737561,8.8
Malta,1963,69.45526829,9.2
Malta,1964,69.73319512,8.6
Malta,1965,70.00753659,9.4
Malta,1966,70.27929268,9.1
Malta,1967,70.547,9.6
Malta,1968,70.81168293,9.4
Malta,1969,71.07285366,9.9
Malta,1970,71.33,10.1
Malta,1971,71.58463415,10.2
Malta,1972,71.83626829,9.6
Malta,1973,72.08487805,9.7
Malta,1974,72.3304878,9.1
Malta,1975,72.57358537,9.5
Malta,1976,72.81468293,9.7
Malta,1977,73.0527561,9.4
Malta,1978,73.28882927,10.5
Malta,1979,73.52239024,9.5
Malta,1980,73.75343902,10.2
Malta,1981,73.9814878,9.6
Malta,1982,74.20753659,9.4
Malta,1983,74.43056098,9.5
Malta,1984,74.65109756,8.8
Malta,1985,74.86912195,8.4
Malta,1986,75.08563415,8.3
Malta,1987,75.30014634,8.4
Malta,1988,75.51317073,7.8
Malta,1989,75.72517073,7.4
Malta,1990,75.93568293,7.8
Malta,1991,76.14468293,7.9
Malta,1992,76.35165854,7.9
Malta,1993,76.55614634,7.3
Malta,1994,76.75812195,7.2
Malta,1995,77.14146341,7.2
Malta,1996,77.14146341,7.3
Malta,1997,77.5902439,7.5
Malta,1998,77.38780488,7.8
Malta,1999,77.3,7.9
Malta,2000,78.2,7.5
Malta,2001,78.84390244,7.4
Malta,2002,78.73902439,7.6
Malta,2003,78.54634146,7.9
Malta,2004,79.25365854,7.5
Malta,2005,79.3,7.8
Malta,2006,79.43902439,7.9
Malta,2007,79.79268293,7.6
Malta,2008,79.63658537,7.9
Malta,2009,80.24146341,7.8
Malta,2010,81.39756098,7.3
Malta,2011,80.74634146,7.8
Malta,2012,80.74634146,8.1
Malta,2013,81.74634146,7.6
Malta,2014,81.94634146,7.7
Malta,2015,81.94634146,8
Montenegro,1960,63.70560976,9.9
Montenegro,1961,64.39178049,9.504
Montenegro,1962,65.06190244,9.141
Montenegro,1963,65.70290244,8.817
Montenegro,1964,66.30826829,8.533
Montenegro,1965,66.88439024,8.286
Montenegro,1966,67.44717073,8.069
Montenegro,1967,68.01219512,7.872
Montenegro,1968,68.58809756,7.687
Montenegro,1969,69.16958537,7.512
Montenegro,1970,69.73982927,7.348
Montenegro,1971,70.27602439,7.2
Montenegro,1972,70.75841463,7.072
Montenegro,1973,71.17526829,6.969
Montenegro,1974,71.52385366,6.89
Montenegro,1975,71.81107317,6.833
Montenegro,1976,72.05026829,6.793
Montenegro,1977,72.26397561,6.767
Montenegro,1978,72.46804878,6.751
Montenegro,1979,72.6697561,6.742
Montenegro,1980,72.87219512,6.741
Montenegro,1981,73.07034146,6.751
Montenegro,1982,73.25570732,6.773
Montenegro,1983,73.42185366,6.81
Montenegro,1984,73.57109756,6.858
Montenegro,1985,73.71134146,6.912
Montenegro,1986,73.85514634,6.962
Montenegro,1987,74.00687805,7.006
Montenegro,1988,74.16390244,7.046
Montenegro,1989,74.31797561,7.091
Montenegro,1990,74.44336585,7.159
Montenegro,1991,74.51041463,7.277
Montenegro,1992,74.50065854,7.458
Montenegro,1993,74.40860976,7.706
Montenegro,1994,74.24221951,8.013
Montenegro,1995,74.02221951,8.358
Montenegro,1996,73.77878049,8.713
Montenegro,1997,73.54904878,9.048
Montenegro,1998,73.36385366,9.337
Montenegro,1999,73.23863415,9.57
Montenegro,2000,73.18107317,9.747
Montenegro,2001,73.183,9.88
Montenegro,2002,73.22773171,9.989
Montenegro,2003,73.30195122,10.088
Montenegro,2004,73.40717073,10.179
Montenegro,2005,73.55619512,10.252
Montenegro,2006,73.76621951,10.292
Montenegro,2007,74.04390244,10.288
Montenegro,2008,74.38653659,10.238
Montenegro,2009,74.78156098,10.15
Montenegro,2010,75.20353659,10.04
Montenegro,2011,75.62312195,9.93
Montenegro,2012,76.01407317,9.84
Montenegro,2013,76.35512195,9.787
Montenegro,2014,76.63885366,9.775
Montenegro,2015,76.86431707,9.803
Netherlands,1960,73.39268293,7.6
Netherlands,1961,73.65268293,7.6
Netherlands,1962,73.32390244,7.9
Netherlands,1963,73.33707317,8
Netherlands,1964,73.70414634,7.7
Netherlands,1965,73.56878049,8
Netherlands,1966,73.51292683,8.1
Netherlands,1967,73.80414634,7.9
Netherlands,1968,73.61268293,8.2
Netherlands,1969,73.5395122,8.4
Netherlands,1970,73.58560976,8.4
Netherlands,1971,73.8095122,8.4
Netherlands,1972,73.72707317,8.5
Netherlands,1973,74.14390244,8.2
Netherlands,1974,74.53682927,8.1
Netherlands,1975,74.49878049,8.3
Netherlands,1976,74.64707317,8.3
Netherlands,1977,75.22146341,7.9
Netherlands,1978,75.14512195,8.2
Netherlands,1979,75.60609756,8
Netherlands,1980,75.74317073,8.1
Netherlands,1981,75.93439024,8.1
Netherlands,1982,75.98853659,8.2
Netherlands,1983,76.16414634,8.2
Netherlands,1984,76.23317073,8.3
Netherlands,1985,76.28463415,8.5
Netherlands,1986,76.2704878,8.6
Netherlands,1987,76.70512195,8.3
Netherlands,1988,76.8902439,8.4
Netherlands,1989,76.73414634,8.7
Netherlands,1990,76.87804878,8.6
Netherlands,1991,77,8.6
Netherlands,1992,77.21707317,8.6
Netherlands,1993,76.91658537,9
Netherlands,1994,77.37512195,8.7
Netherlands,1995,77.40463415,8.8
Netherlands,1996,77.43560976,8.9
Netherlands,1997,77.79439024,8.7
Netherlands,1998,77.88292683,8.8
Netherlands,1999,77.83658537,8.9
Netherlands,2000,77.98780488,8.8
Netherlands,2001,78.1902439,8.7
Netherlands,2002,78.29268293,8.8
Netherlands,2003,78.49268293,8.7
Netherlands,2004,79.09512195,8.4
Netherlands,2005,79.34634146,8.4
Netherlands,2006,79.69756098,8.3
Netherlands,2007,80.09756098,8.1
Netherlands,2008,80.25121951,8.2
Netherlands,2009,80.54878049,8.1
Netherlands,2010,80.70243902,8.2
Netherlands,2011,81.20487805,8.1
Netherlands,2012,81.10487805,8.4
Netherlands,2013,81.30487805,8.4
Netherlands,2014,81.70731707,8.3
Netherlands,2015,81.70731707,8.7
Norway,1960,73.5497561,9.1
Norway,1961,73.5504878,9.2
Norway,1962,73.44804878,9.4
Norway,1963,73.07756098,10
Norway,1964,73.59585366,9.5
Norway,1965,73.72317073,9.4
Norway,1966,73.99536585,9.6
Norway,1967,74.06658537,9.6
Norway,1968,73.94195122,9.9
Norway,1969,73.66341463,10.1
Norway,1970,74.08804878,10
Norway,1971,74.17926829,10
Norway,1972,74.34463415,10
Norway,1973,74.44219512,10.1
Norway,1974,74.75365854,9.9
Norway,1975,74.81756098,10
Norway,1976,75.0395122,10
Norway,1977,75.38682927,9.8
Norway,1978,75.41853659,10
Norway,1979,75.41390244,10.2
Norway,1980,75.67170732,10.1
Norway,1981,75.86902439,10.2
Norway,1982,76.01097561,10.1
Norway,1983,76.06682927,10.2
Norway,1984,76.22439024,10.3
Norway,1985,75.91682927,10.7
Norway,1986,76.24121951,10.5
Norway,1987,76.08170732,10.7
Norway,1988,76.2204878,10.8
Norway,1989,76.5004878,10.7
Norway,1990,76.53731707,10.9
Norway,1991,76.98073171,10.5
Norway,1992,77.18439024,10.4
Norway,1993,77.15170732,10.8
Norway,1994,77.6897561,10.2
Norway,1995,77.73658537,10.4
Norway,1996,78.1504878,10
Norway,1997,78.14268293,10.1
Norway,1998,78.32926829,10
Norway,1999,78.28292683,10.1
Norway,2000,78.63414634,9.8
Norway,2001,78.78536585,9.7
Norway,2002,78.98780488,9.8
Norway,2003,79.3902439,9.3
Norway,2004,79.84146341,9
Norway,2005,80.04146341,8.9
Norway,2006,80.34390244,8.9
Norway,2007,80.39512195,8.9
Norway,2008,80.59268293,8.7
Norway,2009,80.79512195,8.6
Norway,2010,80.99756098,8.5
Norway,2011,81.29512195,8.4
Norway,2012,81.45121951,8.4
Norway,2013,81.75121951,8.1
Norway,2014,82.1,7.9
Norway,2015,82.1,7.8
Poland,1960,67.6804878,7.6
Poland,1961,67.77804878,7.6
Poland,1962,67.42682927,7.9
Poland,1963,68.37560976,7.5
Poland,1964,68.62926829,7.6
Poland,1965,69.42926829,7.4
Poland,1966,69.82682927,7.4
Poland,1967,69.42439024,7.7
Poland,1968,70.2195122,7.6
Poland,1969,69.7195122,8.1
Poland,1970,69.86829268,8.2
Poland,1971,69.61219512,8.7
Poland,1972,70.66585366,8
Poland,1973,70.66341463,8.4
Poland,1974,71.11707317,8.2
Poland,1975,70.56097561,8.7
Poland,1976,70.65609756,8.9
Poland,1977,70.40243902,9
Poland,1978,70.35121951,9.4
Poland,1979,70.75121951,9.2
Poland,1980,70.09756098,9.8
Poland,1981,71.05121951,9.2
Poland,1982,71.10243902,9.3
Poland,1983,71,9.6
Poland,1984,70.8,10
Poland,1985,70.54878049,10.3
Poland,1986,70.84878049,10.1
Poland,1987,70.89756098,10.1
Poland,1988,71.33170732,9.9
Poland,1989,71.04390244,10.1
Poland,1990,70.8902439,10.2
Poland,1991,70.58780488,10.6
Poland,1992,71.0902439,10.3
Poland,1993,71.59512195,10.2
Poland,1994,71.69512195,10
Poland,1995,71.89268293,10
Poland,1996,72.24634146,10
Poland,1997,72.64634146,9.8
Poland,1998,72.99756098,9.7
Poland,1999,73.04390244,9.9
Poland,2000,73.74878049,9.6
Poland,2001,74.2,9.5
Poland,2002,74.49756098,9.4
Poland,2003,74.59756098,9.6
Poland,2004,74.84634146,9.5
Poland,2005,74.99512195,9.6
Poland,2006,75.14390244,9.7
Poland,2007,75.24390244,9.9
Poland,2008,75.54390244,10
Poland,2009,75.69512195,10.1
Poland,2010,76.24634146,9.9
Poland,2011,76.69512195,9.9
Poland,2012,76.74634146,10.1
Poland,2013,77,10.2
Poland,2014,77.60243902,9.9
Poland,2015,78.20487805,10.4
Portugal,1960,62.80892683,10.7
Portugal,1961,63.25236585,11.2
Portugal,1962,63.69414634,10.8
Portugal,1963,64.13229268,10.9
Portugal,1964,64.56385366,10.7
Portugal,1965,64.98946341,10.6
Portugal,1966,65.40626829,11.2
Portugal,1967,65.81682927,10.8
Portugal,1968,66.22165854,10.7
Portugal,1969,66.6217561,11.5
Portugal,1970,67.07317073,10.7
Portugal,1971,66.77073171,11.4
Portugal,1972,68.32439024,10.5
Portugal,1973,67.52439024,11.1
Portugal,1974,68.0195122,11.1
Portugal,1975,68.3097561,10.8
Portugal,1976,68.86097561,10.9
Portugal,1977,70.01219512,10.2
Portugal,1978,70.31707317,10.1
Portugal,1979,71.16829268,9.6
Portugal,1980,71.21463415,9.7
Portugal,1981,71.61463415,9.7
Portugal,1982,72.41463415,9.3
Portugal,1983,72.26585366,9.7
Portugal,1984,72.51463415,9.7
Portugal,1985,72.81463415,9.7
Portugal,1986,73.26585366,9.5
Portugal,1987,73.66585366,9.5
Portugal,1988,73.71463415,9.8
Portugal,1989,74.26585366,9.6
Portugal,1990,73.96585366,10.3
Portugal,1991,74.01463415,10.4
Portugal,1992,74.31219512,10.1
Portugal,1993,74.51219512,10.6
Portugal,1994,74.91463415,9.9
Portugal,1995,75.31219512,10.3
Portugal,1996,75.26097561,10.6
Portugal,1997,75.41219512,10.4
Portugal,1998,75.71219512,10.5
Portugal,1999,75.96341463,10.6
Portugal,2000,76.31463415,10.2
Portugal,2001,76.81463415,10.1
Portugal,2002,77.06585366,10.2
Portugal,2003,77.2195122,10.4
Portugal,2004,77.67073171,9.7
Portugal,2005,78.07073171,10.2
Portugal,2006,78.4195122,9.7
Portugal,2007,78.32195122,9.8
Portugal,2008,78.52439024,9.9
Portugal,2009,78.72682927,9.9
Portugal,2010,79.02682927,10
Portugal,2011,80.47073171,9.7
Portugal,2012,80.37317073,10.2
Portugal,2013,80.72195122,10.2
Portugal,2014,81.12195122,10.1
Portugal,2015,81.52195122,10.5
Romania,1960,65.64243902,8.7
Romania,1961,66.41587805,8.7
Romania,1962,67.02907317,9.2
Romania,1963,67.44107317,8.3
Romania,1964,67.65043902,8.1
Romania,1965,67.69785366,8.6
Romania,1966,67.65946341,8.2
Romania,1967,67.62690244,9.2
Romania,1968,67.6712439,9.5
Romania,1969,67.81492683,10.1
Romania,1970,68.05641463,9.5
Romania,1971,68.50414634,9.5
Romania,1972,68.4702439,9.2
Romania,1973,69.00560976,9.8
Romania,1974,69.4997561,9.1
Romania,1975,69.61390244,9.3
Romania,1976,69.69878049,9.5
Romania,1977,69.74195122,9.6
Romania,1978,69.4804878,9.7
Romania,1979,69.15317073,9.8
Romania,1980,69.09097561,10.4
Romania,1981,69.36829268,10
Romania,1982,69.53170732,10
Romania,1983,69.72634146,10.4
Romania,1984,69.65878049,10.3
Romania,1985,69.70682927,10.8
Romania,1986,69.49634146,10.6
Romania,1987,69.22682927,11.1
Romania,1988,69.38804878,11
Romania,1989,69.53073171,10.7
Romania,1990,69.74121951,10.6
Romania,1991,69.78439024,10.9
Romania,1992,69.78439024,11.6
Romania,1993,69.56341463,11.6
Romania,1994,69.5097561,11.7
Romania,1995,69.45609756,12
Romania,1996,69.10487805,12.7
Romania,1997,69.00487805,12.4
Romania,1998,69.80731707,12
Romania,1999,70.51219512,11.8
Romania,2000,71.16341463,11.4
Romania,2001,71.16097561,11.7
Romania,2002,71.0097561,12.4
Romania,2003,71.3097561,12.4
Romania,2004,71.59427561,12.1
Romania,2005,71.87889512,12.3
Romania,2006,72.16341463,12.2
Romania,2007,72.56585366,12.1
Romania,2008,72.56585366,12.3
Romania,2009,73.3097561,12.6
Romania,2010,73.45853659,12.8
Romania,2011,74.4097561,12.5
Romania,2012,74.41219512,12.7
Romania,2013,75.06341463,12.4
Romania,2014,74.96097561,12.8
Romania,2015,74.96097561,13.2
Slovak Republic,1960,69.92365854,7.8
Slovak Republic,1961,70.25085366,7.5
Slovak Republic,1962,70.47229268,8.1
Slovak Republic,1963,70.59492683,7.7
Slovak Republic,1964,70.63278049,7.6
Slovak Republic,1965,70.60336585,8.2
Slovak Republic,1966,70.5252439,8.2
Slovak Republic,1967,70.41853659,8
Slovak Republic,1968,70.30682927,8.5
Slovak Republic,1969,70.20570732,9
Slovak Republic,1970,70.1342439,9.3
Slovak Republic,1971,70.0994878,9.4
Slovak Republic,1972,70.09892683,9
Slovak Republic,1973,70.12507317,9.4
Slovak Republic,1974,70.17590244,9.6
Slovak Republic,1975,70.24487805,9.5
Slovak Republic,1976,70.32246341,9.5
Slovak Republic,1977,70.39860976,9.7
Slovak Republic,1978,70.4652439,9.8
Slovak Republic,1979,70.51990244,9.7
Slovak Republic,1980,70.40853659,10.2
Slovak Republic,1981,70.62926829,9.9
Slovak Republic,1982,70.68902439,10
Slovak Republic,1983,70.47902439,10.3
Slovak Republic,1984,70.75097561,10.1
Slovak Republic,1985,70.73463415,10.2
Slovak Republic,1986,71.02121951,10.2
Slovak Republic,1987,71.08878049,10
Slovak Republic,1988,71.20780488,10
Slovak Republic,1989,71.02634146,10.2
Slovak Republic,1990,70.93268293,10.3
Slovak Republic,1991,70.88292683,10.3
Slovak Republic,1992,71.79512195,10.1
Slovak Republic,1993,72.44878049,9.9
Slovak Republic,1994,72.3,9.6
Slovak Republic,1995,72.25365854,9.8
Slovak Republic,1996,72.65365854,9.5
Slovak Republic,1997,72.70487805,9.7
Slovak Republic,1998,72.55121951,9.9
Slovak Republic,1999,72.90243902,9.7
Slovak Republic,2000,73.05121951,9.8
Slovak Republic,2001,73.40243902,9.7
Slovak Republic,2002,73.60487805,9.6
Slovak Republic,2003,73.60487805,9.7
Slovak Republic,2004,73.95853659,9.7
Slovak Republic,2005,73.90487805,10
Slovak Republic,2006,74.20487805,9.9
Slovak Republic,2007,74.20731707,10
Slovak Republic,2008,74.70487805,9.9
Slovak Republic,2009,74.9097561,9.8
Slovak Republic,2010,75.11219512,9.9
Slovak Republic,2011,75.95853659,9.6
Slovak Republic,2012,76.1097561,9.7
Slovak Republic,2013,76.41219512,9.6
Slovak Republic,2014,76.81219512,9.5
Slovak Republic,2015,77.21219512,9.9
Slovenia,1960,68.97804878,9.6
Slovenia,1961,68.97804878,8.8
Slovenia,1962,68.97804878,9.9
Slovenia,1963,68.62195122,9.3
Slovenia,1964,68.66341463,10.2
Slovenia,1965,68.36585366,9.7
Slovenia,1966,69.01219512,9.1
Slovenia,1967,69.36585366,9.7
Slovenia,1968,68.91707317,10.2
Slovenia,1969,68.36097561,10.8
Slovenia,1970,68.6097561,10.1
Slovenia,1971,68.83414634,10
Slovenia,1972,69.05853659,10.4
Slovenia,1973,69.40487805,10
Slovenia,1974,70.16097561,9.7
Slovenia,1975,70.35853659,10.1
Slovenia,1976,70.30731707,10
Slovenia,1977,70.55609756,9.6
Slovenia,1978,70.70243902,9.9
Slovenia,1979,70.85365854,9.6
Slovenia,1980,71.10487805,9.9
Slovenia,1981,71.20487805,9.8
Slovenia,1982,71.05365854,10.3
Slovenia,1983,70.54146341,10.8
Slovenia,1984,70.90243902,10.5
Slovenia,1985,71.35121951,10.2
Slovenia,1986,71.80243902,9.9
Slovenia,1987,72.00243902,10
Slovenia,1988,72.44634146,9.6
Slovenia,1989,72.70487805,9.4
Slovenia,1990,73.20487805,9.3
Slovenia,1991,73.35365854,9.7
Slovenia,1992,73.30487805,9.7
Slovenia,1993,73.25365854,10
Slovenia,1994,73.40487805,9.7
Slovenia,1995,73.95853659,9.5
Slovenia,1996,74.45853659,9.4
Slovenia,1997,74.70731707,9.5
Slovenia,1998,74.80731707,9.6
Slovenia,1999,75.0097561,9.5
Slovenia,2000,75.41219512,9.3
Slovenia,2001,75.75853659,9.3
Slovenia,2002,76.00731707,9.4
Slovenia,2003,76.85853659,9.7
Slovenia,2004,77.20731707,9.3
Slovenia,2005,77.61219512,9.4
Slovenia,2006,78.08658537,9.1
Slovenia,2007,78.56097561,9.2
Slovenia,2008,78.76585366,9.1
Slovenia,2009,78.97073171,9.2
Slovenia,2010,79.42195122,9.1
Slovenia,2011,79.97073171,9.1
Slovenia,2012,80.12439024,9.4
Slovenia,2013,80.32195122,9.4
Slovenia,2014,81.07804878,9.2
Slovenia,2015,81.07804878,9.6
Sweden,1960,73.00560976,10
Sweden,1961,73.47439024,9.8
Sweden,1962,73.3504878,10.2
Sweden,1963,73.55536585,10.1
Sweden,1964,73.73317073,10
Sweden,1965,73.86170732,10.1
Sweden,1966,74.07853659,10
Sweden,1967,74.12243902,10.1
Sweden,1968,73.97292683,10.4
Sweden,1969,74.08487805,10.5
Sweden,1970,74.64926829,9.9
Sweden,1971,74.62390244,10.2
Sweden,1972,74.71804878,10.3
Sweden,1973,74.86731707,10.5
Sweden,1974,74.9804878,10.6
Sweden,1975,74.98463415,10.8
Sweden,1976,74.96926829,11
Sweden,1977,75.3797561,10.7
Sweden,1978,75.46902439,10.8
Sweden,1979,75.52414634,11
Sweden,1980,75.74097561,11
Sweden,1981,76.02609756,11.1
Sweden,1982,76.32731707,10.9
Sweden,1983,76.55170732,10.9
Sweden,1984,76.81585366,10.9
Sweden,1985,76.66780488,11.3
Sweden,1986,76.93121951,11.1
Sweden,1987,77.09219512,11.1
Sweden,1988,76.97926829,11.5
Sweden,1989,77.72682927,10.8
Sweden,1990,77.53682927,11.1
Sweden,1991,77.66682927,11
Sweden,1992,77.99878049,10.9
Sweden,1993,78.0604878,11.1
Sweden,1994,78.6502439,10.5
Sweden,1995,78.7404878,10.6
Sweden,1996,78.95902439,10.6
Sweden,1997,79.19756098,10.6
Sweden,1998,79.33902439,10.5
Sweden,1999,79.44146341,10.7
Sweden,2000,79.64390244,10.5
Sweden,2001,79.79512195,10.5
Sweden,2002,79.84634146,10.6
Sweden,2003,80.09512195,10.4
Sweden,2004,80.49756098,10.1
Sweden,2005,80.54634146,10.2
Sweden,2006,80.74878049,10
Sweden,2007,80.9,10
Sweden,2008,81.1,9.9
Sweden,2009,81.35121951,9.7
Sweden,2010,81.45121951,9.6
Sweden,2011,81.80243902,9.5
Sweden,2012,81.70487805,9.7
Sweden,2013,81.95609756,9.4
Sweden,2014,82.25365854,9.2
Sweden,2015,82.55121951,9.3
Ukraine,1960,68.29953659,12
Ukraine,1961,68.76385366,12.8
Ukraine,1962,69.14609756,12.2
Ukraine,1963,69.45770732,12.1
Ukraine,1964,69.70821951,12
Ukraine,1965,69.90563415,12.1
Ukraine,1966,70.05653659,12
Ukraine,1967,70.16112195,12.1
Ukraine,1968,70.22307317,12.4
Ukraine,1969,70.24756098,12.5
Ukraine,1970,70.23521951,12.9
Ukraine,1971,70.18263415,12.2
Ukraine,1972,70.09085366,12.3
Ukraine,1973,69.96292683,13.5
Ukraine,1974,69.80885366,13.6
Ukraine,1975,69.63463415,13.7
Ukraine,1976,69.44617073,14
Ukraine,1977,69.25343902,14.6
Ukraine,1978,69.07090244,14.8
Ukraine,1979,68.91512195,15
Ukraine,1980,68.81782927,15
Ukraine,1981,68.81082927,15.1
Ukraine,1982,68.9012439,15.9
Ukraine,1983,69.0774878,15.8
Ukraine,1984,69.31734146,15.8
Ukraine,1985,69.57478049,15.3
Ukraine,1986,69.7912439,15.1
Ukraine,1987,70.49512195,15.1
Ukraine,1988,70.49756098,15.5
Ukraine,1989,70.53902439,15.8
Ukraine,1990,70.13658537,15.1
Ukraine,1991,68.87804878,15
Ukraine,1992,69.06829268,14.9
Ukraine,1993,68.47560976,15.1
Ukraine,1994,67.83853659,15.5
Ukraine,1995,67.13707317,15.6
Ukraine,1996,66.88780488,16
Ukraine,1997,67.29536585,16
Ukraine,1998,67.98878049,15.5
Ukraine,1999,68.21341463,15.7
Ukraine,2000,67.8595122,15.5
Ukraine,2001,68.28707317,15.6
Ukraine,2002,68.27560976,15.6
Ukraine,2003,68.21073171,15.4
Ukraine,2004,68.18536585,15.1
Ukraine,2005,67.95682927,15.2
Ukraine,2006,68.07756098,15
Ukraine,2007,68.22219512,15
Ukraine,2008,68.25146341,15.7
Ukraine,2009,69.19,15.6
Ukraine,2010,70.26536585,15.5
Ukraine,2011,70.80926829,15
Ukraine,2012,70.94414634,15
Ukraine,2013,71.1595122,15.2
Ukraine,2014,71.18658537,15
Ukraine,2015,71.1895122,15
